{"stats":{"minecraft:crafted":{"chiselsandbits:pattern_single_use":5},"minecraft:custom":{"minecraft:mob_kills":2,"minecraft:interact_with_anvil":6,"minecraft:leave_game":13,"minecraft:time_since_death":1337411,"minecraft:climb_one_cm":153,"minecraft:time_since_rest":1337411,"minecraft:sprint_one_cm":69306,"minecraft:walk_one_cm":1264916,"minecraft:drop":18,"minecraft:damage_dealt":634,"minecraft:swim_one_cm":3008,"minecraft:fly_one_cm":2290436,"minecraft:crouch_one_cm":64609,"minecraft:play_time":1337411,"minecraft:sneak_time":74066,"minecraft:walk_under_water_one_cm":691,"minecraft:jump":1381,"minecraft:walk_on_water_one_cm":2378,"minecraft:total_world_time":1337411},"minecraft:used":{"minecraft:water_bucket":1,"minecraft:netherite_sword":3,"minecraft:flint_and_steel":5,"minecraft:light_gray_stained_glass_pane":1,"chiselsandbits:chiseled_printer":3,"minecraft:stripped_birch_log":2,"chiselsandbits:chiseled_block":2026,"minecraft:polished_andesite":2,"minecraft:bone_block":27,"minecraft:mangrove_planks":1,"minecraft:oak_planks":76,"minecraft:oak_sign":3,"minecraft:smooth_sandstone_slab":2,"minecraft:stone":163,"minecraft:stripped_birch_wood":2,"minecraft:clay":1,"minecraft:smooth_sandstone_stairs":5,"minecraft:rotten_flesh":1,"chiselsandbits:bit_storage":3,"minecraft:dirt":10,"minecraft:sand":24,"minecraft:anvil":5,"minecraft:tnt":9,"minecraft:dead_fire_coral_block":1,"minecraft:light_gray_concrete_powder":1,"minecraft:chiseled_quartz_block":1,"minecraft:tuff":1,"minecraft:axolotl_bucket":2,"minecraft:light_blue_stained_glass":1,"minecraft:birch_fence":1,"minecraft:creeper_spawn_egg":43,"minecraft:stone_brick_slab":1,"minecraft:enderman_spawn_egg":49,"chiselsandbits:modification_table":5,"minecraft:packed_ice":40,"minecraft:apple":1,"minecraft:black_concrete":2,"minecraft:lava_bucket":1,"minecraft:bricks":3,"minecraft:coal_ore":1,"minecraft:grass_block":97,"minecraft:smooth_sandstone":23,"minecraft:verdant_froglight":1,"minecraft:stone_slab":93,"minecraft:diamond_ore":1,"minecraft:deepslate":30,"minecraft:gravel":1,"minecraft:cat_spawn_egg":7,"minecraft:stripped_warped_hyphae":1,"minecraft:birch_trapdoor":2,"minecraft:diamond_sword":3,"minecraft:coal_block":1,"chiselsandbits:pattern_multi_use":238,"minecraft:scaffolding":48,"minecraft:stripped_oak_wood":1,"minecraft:bucket":3,"minecraft:andesite":1,"chiselsandbits:pattern_single_use":18,"minecraft:smooth_stone_slab":58,"minecraft:goat_spawn_egg":1,"minecraft:pearlescent_froglight":1,"minecraft:white_concrete":2,"minecraft:coarse_dirt":2,"minecraft:smooth_stone":13},"minecraft:dropped":{"minecraft:rotten_flesh":1,"minecraft:apple":2,"minecraft:name_tag":1,"minecraft:salmon":64,"minecraft:cooked_cod":2,"chiselsandbits:chiseled_block":11,"chiselsandbits:block_bit":1},"minecraft:picked_up":{"minecraft:birch_log":3,"minecraft:diamond_sword":1,"minecraft:oak_log":1,"minecraft:dirt":44,"minecraft:apple":4,"chiselsandbits:chiseled_block":1,"minecraft:birch_sapling":1,"minecraft:stick":18,"minecraft:rotten_flesh":1,"minecraft:cooked_cod":2,"minecraft:oak_sapling":31},"minecraft:killed":{"minecraft:zombie_horse":1,"minecraft:zombie":1}},"DataVersion":3465}