{"stats":{"minecraft:crafted":{"chiselsandbits:pattern_single_use":5},"minecraft:used":{"minecraft:water_bucket":1,"chiselsandbits:modification_table":5,"minecraft:packed_ice":40,"minecraft:black_concrete":2,"minecraft:bricks":1,"minecraft:coal_ore":1,"minecraft:stripped_birch_log":2,"minecraft:light_gray_stained_glass_pane":1,"minecraft:flint_and_steel":5,"chiselsandbits:chiseled_block":1374,"chiselsandbits:chiseled_printer":3,"minecraft:oak_planks":76,"minecraft:grass_block":48,"minecraft:smooth_sandstone":23,"minecraft:polished_andesite":2,"minecraft:verdant_froglight":1,"minecraft:mangrove_planks":1,"minecraft:bone_block":26,"minecraft:smooth_sandstone_slab":2,"minecraft:stone_slab":93,"minecraft:stone":132,"minecraft:diamond_ore":1,"minecraft:clay":1,"minecraft:gravel":1,"minecraft:stripped_birch_wood":2,"minecraft:smooth_sandstone_stairs":1,"minecraft:birch_trapdoor":2,"minecraft:anvil":1,"minecraft:stripped_warped_hyphae":1,"minecraft:diamond_sword":3,"minecraft:dirt":6,"minecraft:sand":24,"minecraft:coal_block":1,"chiselsandbits:bit_storage":3,"chiselsandbits:pattern_multi_use":238,"minecraft:scaffolding":48,"minecraft:tnt":9,"minecraft:stripped_oak_wood":1,"minecraft:dead_fire_coral_block":1,"minecraft:andesite":1,"minecraft:bucket":2,"minecraft:light_gray_concrete_powder":1,"chiselsandbits:pattern_single_use":18,"minecraft:smooth_stone_slab":58,"minecraft:chiseled_quartz_block":1,"minecraft:white_concrete":2,"minecraft:pearlescent_froglight":1,"minecraft:tuff":1,"minecraft:axolotl_bucket":2,"minecraft:light_blue_stained_glass":1,"minecraft:smooth_stone":13},"minecraft:custom":{"minecraft:time_since_rest":1199792,"minecraft:sprint_one_cm":50570,"minecraft:walk_one_cm":1062946,"minecraft:mob_kills":1,"minecraft:drop":11,"minecraft:damage_dealt":229,"minecraft:swim_one_cm":3008,"minecraft:fly_one_cm":2023448,"minecraft:crouch_one_cm":45412,"minecraft:play_time":1199792,"minecraft:sneak_time":57381,"minecraft:walk_under_water_one_cm":691,"minecraft:jump":1134,"minecraft:leave_game":12,"minecraft:walk_on_water_one_cm":2378,"minecraft:time_since_death":1199792,"minecraft:total_world_time":1199792,"minecraft:climb_one_cm":153},"minecraft:dropped":{"chiselsandbits:chiseled_block":10,"chiselsandbits:block_bit":1},"minecraft:picked_up":{"minecraft:birch_log":3,"minecraft:stick":18,"minecraft:diamond_sword":1,"minecraft:oak_log":1,"minecraft:dirt":44,"chiselsandbits:chiseled_block":1,"minecraft:apple":2,"minecraft:oak_sapling":31,"minecraft:birch_sapling":1},"minecraft:killed":{"minecraft:zombie":1}},"DataVersion":3465}