{"stats":{"minecraft:killed":{"minecraft:horse":1},"minecraft:custom":{"minecraft:time_since_rest":163501,"minecraft:interact_with_smithing_table":5,"minecraft:sprint_one_cm":54146,"minecraft:walk_one_cm":235874,"minecraft:mob_kills":1,"minecraft:drop":22,"minecraft:damage_dealt":250,"minecraft:interact_with_beacon":3,"minecraft:swim_one_cm":592,"minecraft:fly_one_cm":1508305,"minecraft:crouch_one_cm":20431,"minecraft:play_time":163501,"minecraft:sneak_time":13452,"minecraft:walk_under_water_one_cm":1188,"minecraft:jump":533,"minecraft:leave_game":2,"minecraft:walk_on_water_one_cm":3247,"minecraft:time_since_death":163501,"minecraft:total_world_time":163501},"minecraft:used":{"minecraft:water_bucket":13,"minecraft:quartz_pillar":174,"minecraft:flint_and_steel":74,"minecraft:grass_block":175,"chiselsandbits:chiseled_block":30,"minecraft:bone_block":1,"minecraft:quartz_block":1,"minecraft:stone":6,"minecraft:spruce_trapdoor":5,"minecraft:smooth_quartz":813,"minecraft:beacon":3,"chiselsandbits:chisel_netherite":6,"minecraft:cobblestone":11,"minecraft:diamond_block":156,"minecraft:dirt":26,"minecraft:smithing_table":1,"minecraft:bucket":21,"minecraft:smooth_stone_slab":1,"minecraft:lingering_potion":5,"minecraft:granite":8,"minecraft:smooth_stone":1,"minecraft:experience_bottle":5},"minecraft:picked_up":{"minecraft:stick":3,"minecraft:leather":2,"minecraft:lily_of_the_valley":12,"minecraft:smooth_stone_slab":1,"chiselsandbits:chiseled_block":2,"minecraft:wheat_seeds":16,"minecraft:oak_sapling":3,"minecraft:birch_sapling":3,"minecraft:egg":1},"minecraft:dropped":{"minecraft:stone":1,"minecraft:wheat_seeds":16,"minecraft:spruce_trapdoor":1,"minecraft:smooth_stone_slab":1,"chiselsandbits:chisel_netherite":1,"minecraft:leather":2,"minecraft:beacon":1,"minecraft:granite":1,"chiselsandbits:chiseled_block":4,"minecraft:grass_block":1,"chiselsandbits:block_bit":6,"minecraft:lily_of_the_valley":12,"minecraft:stick":1},"minecraft:crafted":{"minecraft:diamond_helmet":2,"minecraft:diamond_chestplate":1,"minecraft:air":0}},"DataVersion":3465}