{"stats":{"minecraft:custom":{"minecraft:mob_kills":2,"minecraft:interact_with_anvil":4,"minecraft:interact_with_crafting_table":3,"minecraft:leave_game":6,"minecraft:time_since_death":777231,"minecraft:time_since_rest":777231,"minecraft:sprint_one_cm":27866,"minecraft:walk_one_cm":754132,"minecraft:drop":14,"minecraft:damage_dealt":766,"minecraft:fly_one_cm":1518908,"minecraft:crouch_one_cm":5638,"minecraft:play_time":777231,"minecraft:sneak_time":7334,"minecraft:jump":983,"minecraft:total_world_time":777231},"minecraft:dropped":{"minecraft:wheat_seeds":2,"minecraft:lily_of_the_valley":2,"minecraft:stick":2,"chiselsandbits:pattern_multi_use":1,"minecraft:birch_trapdoor":2,"minecraft:stone_bricks":1,"minecraft:iron_bars":1,"minecraft:stone_brick_stairs":1,"minecraft:birch_stairs":1,"chiselsandbits:block_bit":1},"minecraft:picked_up":{"chiselsandbits:pattern_multi_use":1,"minecraft:oak_log":4,"minecraft:gunpowder":2,"minecraft:dirt":99,"minecraft:stone_bricks":1,"minecraft:apple":2,"chiselsandbits:chiseled_block":8,"minecraft:wheat_seeds":5,"minecraft:redstone_torch":1,"minecraft:poppy":1,"minecraft:birch_sapling":6,"minecraft:dark_oak_door":1,"minecraft:stick":23,"minecraft:birch_trapdoor":2,"minecraft:torch":2,"minecraft:dandelion":1,"minecraft:birch_stairs":1,"minecraft:lily_of_the_valley":2,"minecraft:redstone":1,"minecraft:oak_sapling":39,"minecraft:iron_bars":1},"minecraft:killed":{"minecraft:creeper":2},"minecraft:used":{"minecraft:mossy_stone_bricks":62,"minecraft:diorite":3,"minecraft:iron_bars":129,"minecraft:flint_and_steel":22,"minecraft:birch_planks":26,"chiselsandbits:chiseled_printer":1,"minecraft:stripped_birch_log":303,"chiselsandbits:chiseled_block":127,"minecraft:redstone":3,"minecraft:oak_planks":7,"minecraft:smooth_sandstone_slab":73,"minecraft:stone":4,"minecraft:cut_sandstone":303,"minecraft:stripped_birch_wood":20,"minecraft:cobblestone_slab":49,"minecraft:sandstone_wall":66,"minecraft:mossy_stone_brick_slab":1,"minecraft:smooth_sandstone_stairs":112,"minecraft:deepslate_bricks":2,"minecraft:torch":8,"minecraft:lily_of_the_valley":13,"chiselsandbits:bit_storage":1,"minecraft:birch_pressure_plate":4,"minecraft:anvil":8,"minecraft:stripped_dark_oak_log":32,"minecraft:cut_sandstone_slab":109,"minecraft:tnt":32,"minecraft:crafting_table":1,"minecraft:brick_slab":6,"minecraft:cobblestone_wall":55,"minecraft:dark_oak_door":12,"minecraft:deepslate_brick_stairs":1,"minecraft:birch_fence":30,"minecraft:redstone_torch":2,"minecraft:dark_oak_planks":103,"minecraft:stone_brick_slab":184,"minecraft:netherite_block":14,"chiselsandbits:modification_table":3,"minecraft:bricks":730,"minecraft:quartz_pillar":3,"minecraft:birch_slab":34,"minecraft:grass_block":784,"minecraft:oak_stairs":10,"minecraft:smooth_sandstone":3,"minecraft:stone_slab":1,"minecraft:diorite_wall":52,"minecraft:stone_brick_stairs":44,"minecraft:stone_bricks":220,"minecraft:birch_trapdoor":138,"minecraft:diamond_sword":8,"minecraft:cobblestone":156,"chiselsandbits:pattern_multi_use":64,"minecraft:oak_sapling":3,"minecraft:white_stained_glass_pane":43,"minecraft:dark_oak_fence":4,"minecraft:white_stained_glass":20,"minecraft:smooth_stone_slab":92,"minecraft:stripped_oak_log":135,"minecraft:cobbled_deepslate":13,"minecraft:enchanted_golden_apple":2,"minecraft:smooth_stone":49,"minecraft:birch_stairs":11}},"DataVersion":3465}